Method,MAE Top,MAE Bottom,MAE Avg,RMSE Avg
CV Only,29.34130778516496,27.120452970272346,28.230880377718655,223.49988511731007
ML Only (no CV features),32.663262039646874,32.06202943974924,32.36264573969805,183.5875972065093
Hybrid (CV + MLP),31.489044119066524,28.770440835871348,30.129742477468938,221.87379731258835
